participant_id,split,video_name,label,duration_s
1001,trainval,QID106,1,15.53
1001,trainval,QID119,1,10.73
1001,trainval,QID130,1,23.93
1001,trainval,QID160,1,24.93
1001,trainval,QID196,1,10.4
1001,trainval,QID214,1,22.07
1001,trainval,QID220,1,19.07
1001,trainval,QID226,1,12.2
1001,trainval,QID244,1,13.2
1001,trainval,QID262,1,14.27
1001,trainval,QID268,1,16.53
1001,trainval,QID304,1,13.87
1001,trainval,QID322,1,17.4
1001,trainval,QID346,1,16.53
1001,trainval,QID382,1,23.53
1001,trainval,QID394,1,17.2
1001,trainval,QID406,1,11.27
1001,trainval,QID418,1,11.07
1001,trainval,QID430,1,25.0
1001,trainval,QID466,1,13.53
1001,trainval,QID609,1,19.67
1001,trainval,QID616,1,17.93
1001,trainval,QID623,1,13.0
1001,trainval,QID651,1,13.4
1001,trainval,QID658,1,13.87
1001,trainval,QID679,1,6.13
1001,trainval,QID686,0,21.53
1001,trainval,QID700,0,25.8
1001,trainval,QID707,0,33.67
1001,trainval,QID714,0,11.0
1001,trainval,QID721,0,11.07
1115,trainval,QID106,1,12.07
1115,trainval,QID119,1,9.7
1115,trainval,QID130,1,23.0
1115,trainval,QID160,1,23.87
1115,trainval,QID196,1,9.53
1115,trainval,QID214,1,22.63
1115,trainval,QID220,1,15.07
1115,trainval,QID226,1,11.27
1115,trainval,QID244,1,14.57
1115,trainval,QID262,1,9.93
1115,trainval,QID268,1,16.03
1115,trainval,QID274,1,21.1
1115,trainval,QID286,1,19.4
1115,trainval,QID304,1,12.97
1115,trainval,QID310,1,8.73
1115,trainval,QID322,1,17.77
1115,trainval,QID346,1,14.9
1115,trainval,QID382,1,22.3
1115,trainval,QID388,1,21.97
1115,trainval,QID394,1,16.5
1115,trainval,QID406,1,10.5
1115,trainval,QID418,1,10.3
1115,trainval,QID430,1,25.1
1115,trainval,QID460,1,17.13
1115,trainval,QID466,1,12.67
1115,trainval,QID609,1,19.33
1115,trainval,QID616,1,17.6
1115,trainval,QID623,1,17.03
1115,trainval,QID637,1,9.43
1115,trainval,QID651,1,12.27
1115,trainval,QID658,1,13.8
1115,trainval,QID679,1,6.17
1115,trainval,QID686,0,21.6
1115,trainval,QID700,0,25.87
1115,trainval,QID707,0,33.73
1115,trainval,QID714,0,10.03
1115,trainval,QID721,0,10.07
1290,trainval,QID106,1,10.8
1290,trainval,QID119,1,7.7
1290,trainval,QID160,1,23.87
1290,trainval,QID178,1,13.07
1290,trainval,QID190,1,15.5
1290,trainval,QID196,1,9.47
1290,trainval,QID214,1,19.03
1290,trainval,QID220,1,15.07
1290,trainval,QID226,1,11.3
1290,trainval,QID238,1,13.97
1290,trainval,QID244,1,13.27
1290,trainval,QID256,1,11.63
1290,trainval,QID262,1,9.9
1290,trainval,QID268,1,12.27
1290,trainval,QID286,1,15.5
1290,trainval,QID304,1,9.83
1290,trainval,QID310,1,8.7
1290,trainval,QID322,1,13.0
1290,trainval,QID346,1,14.97
1290,trainval,QID382,1,22.33
1290,trainval,QID388,1,21.03
1290,trainval,QID394,1,12.07
1290,trainval,QID406,1,10.47
1290,trainval,QID418,1,10.57
1290,trainval,QID430,1,25.1
1290,trainval,QID436,1,10.73
1290,trainval,QID460,1,10.63
1290,trainval,QID466,1,9.47
1290,trainval,QID609,1,15.8
1290,trainval,QID616,1,13.83
1290,trainval,QID623,1,13.07
1290,trainval,QID630,1,15.47
1290,trainval,QID637,1,8.37
1290,trainval,QID651,1,12.27
1290,trainval,QID658,1,9.03
1290,trainval,QID665,1,11.63
1290,trainval,QID672,1,9.9
1290,trainval,QID679,1,6.33
1290,trainval,QID686,0,21.6
1290,trainval,QID700,0,25.83
1290,trainval,QID707,0,33.77
1290,trainval,QID714,0,10.0
1290,trainval,QID721,0,9.17
1402,trainval,QID106,1,12.97
1402,trainval,QID119,1,8.0
1402,trainval,QID130,1,23.3
1402,trainval,QID160,1,24.2
1402,trainval,QID178,1,18.4
1402,trainval,QID196,1,9.77
1402,trainval,QID214,1,19.4
1402,trainval,QID220,1,18.4
1402,trainval,QID226,1,11.57
1402,trainval,QID244,1,13.57
1402,trainval,QID262,1,13.23
1402,trainval,QID268,1,13.97
1402,trainval,QID274,1,18.43
1402,trainval,QID286,1,19.3
1402,trainval,QID304,1,13.67
1402,trainval,QID310,1,9.97
1402,trainval,QID322,1,16.1
1402,trainval,QID346,1,15.2
1402,trainval,QID382,1,22.63
1402,trainval,QID388,1,21.33
1402,trainval,QID394,1,15.63
1402,trainval,QID406,1,10.73
1402,trainval,QID418,1,10.67
1402,trainval,QID430,1,25.4
1402,trainval,QID466,1,9.63
1402,trainval,QID609,1,17.37
1402,trainval,QID616,1,15.67
1402,trainval,QID623,1,14.97
1402,trainval,QID630,1,19.83
1402,trainval,QID637,1,8.67
1402,trainval,QID651,1,12.57
1402,trainval,QID658,1,9.63
1402,trainval,QID679,1,6.57
1402,trainval,QID686,0,21.97
1402,trainval,QID700,0,26.13
1402,trainval,QID707,0,34.0
1402,trainval,QID714,0,11.6
1402,trainval,QID721,0,10.93
1447,trainval,QID106,1,12.5
1447,trainval,QID119,1,7.63
1447,trainval,QID130,1,24.13
1447,trainval,QID160,1,23.83
1447,trainval,QID178,1,13.57
1447,trainval,QID190,1,15.43
1447,trainval,QID196,1,10.77
1447,trainval,QID214,1,19.03
1447,trainval,QID220,1,15.03
1447,trainval,QID226,1,11.3
1447,trainval,QID238,1,14.0
1447,trainval,QID244,1,13.23
1447,trainval,QID256,1,11.6
1447,trainval,QID262,1,10.1
1447,trainval,QID268,1,12.2
1447,trainval,QID274,1,14.13
1447,trainval,QID286,1,15.43
1447,trainval,QID304,1,9.8
1447,trainval,QID310,1,8.9
1447,trainval,QID322,1,12.97
1447,trainval,QID346,1,15.37
1447,trainval,QID382,1,22.23
1447,trainval,QID388,1,22.17
1447,trainval,QID394,1,12.07
1447,trainval,QID406,1,10.4
1447,trainval,QID418,1,10.27
1447,trainval,QID430,1,25.03
1447,trainval,QID436,1,10.7
1447,trainval,QID460,1,10.57
1447,trainval,QID466,1,9.7
1447,trainval,QID609,1,15.8
1447,trainval,QID616,1,13.63
1447,trainval,QID623,1,12.97
1447,trainval,QID630,1,15.43
1447,trainval,QID637,1,8.37
1447,trainval,QID651,1,12.2
1447,trainval,QID658,1,10.23
1447,trainval,QID665,1,11.53
1447,trainval,QID672,1,10.03
1447,trainval,QID679,1,6.13
1447,trainval,QID686,0,21.57
1447,trainval,QID700,0,25.83
1447,trainval,QID707,0,33.67
1447,trainval,QID714,0,10.47
1447,trainval,QID721,0,9.2
1674,trainval,QID119,1,8.93
1674,trainval,QID130,1,25.83
1674,trainval,QID160,1,23.93
1674,trainval,QID196,1,11.23
1674,trainval,QID226,1,11.63
1674,trainval,QID256,1,18.53
1674,trainval,QID262,1,11.43
1674,trainval,QID268,1,14.93
1674,trainval,QID304,1,9.93
1674,trainval,QID382,1,22.43
1674,trainval,QID388,1,21.33
1674,trainval,QID394,1,15.63
1674,trainval,QID406,1,14.23
1674,trainval,QID418,1,10.33
1674,trainval,QID430,1,26.13
1674,trainval,QID436,1,17.53
1674,trainval,QID460,1,15.33
1674,trainval,QID466,1,9.43
1674,trainval,QID609,1,18.13
1674,trainval,QID616,1,18.43
1674,trainval,QID623,1,18.23
1674,trainval,QID630,1,15.63
1674,trainval,QID637,1,9.23
1674,trainval,QID651,1,12.33
1674,trainval,QID658,1,13.73
1674,trainval,QID665,1,17.13
1674,trainval,QID679,1,6.33
1674,trainval,QID686,0,21.63
1674,trainval,QID700,0,27.63
1674,trainval,QID707,0,34.23
1674,trainval,QID714,0,10.03
1674,trainval,QID721,0,9.33
2144,trainval,QID106,1,15.37
2144,trainval,QID119,1,12.43
2144,trainval,QID130,1,24.03
2144,trainval,QID160,1,24.97
2144,trainval,QID196,1,9.4
2144,trainval,QID214,1,22.3
2144,trainval,QID220,1,17.83
2144,trainval,QID226,1,11.27
2144,trainval,QID244,1,16.73
2144,trainval,QID262,1,13.67
2144,trainval,QID268,1,12.2
2144,trainval,QID304,1,11.87
2144,trainval,QID310,1,13.47
2144,trainval,QID322,1,16.83
2144,trainval,QID346,1,17.3
2144,trainval,QID382,1,22.17
2144,trainval,QID394,1,18.17
2144,trainval,QID406,1,10.5
2144,trainval,QID418,1,10.23
2144,trainval,QID430,1,25.0
2144,trainval,QID466,1,13.03
2144,trainval,QID616,1,17.97
2144,trainval,QID623,1,19.57
2144,trainval,QID637,1,11.8
2144,trainval,QID651,1,12.13
2144,trainval,QID679,1,6.1
2144,trainval,QID686,0,21.53
2144,trainval,QID700,0,25.73
2144,trainval,QID707,0,33.57
2144,trainval,QID714,0,9.93
2144,trainval,QID721,0,10.9
2206,trainval,QID106,1,16.57
2206,trainval,QID119,1,11.83
2206,trainval,QID130,1,24.5
2206,trainval,QID160,1,23.83
2206,trainval,QID196,1,10.27
2206,trainval,QID214,1,21.5
2206,trainval,QID220,1,17.77
2206,trainval,QID226,1,12.07
2206,trainval,QID244,1,16.4
2206,trainval,QID262,1,13.93
2206,trainval,QID268,1,16.57
2206,trainval,QID286,1,19.4
2206,trainval,QID304,1,10.93
2206,trainval,QID310,1,12.97
2206,trainval,QID322,1,16.8
2206,trainval,QID346,1,16.03
2206,trainval,QID382,1,22.33
2206,trainval,QID388,1,25.6
2206,trainval,QID394,1,12.1
2206,trainval,QID406,1,10.57
2206,trainval,QID418,1,10.27
2206,trainval,QID430,1,25.03
2206,trainval,QID436,1,17.2
2206,trainval,QID466,1,12.37
2206,trainval,QID609,1,19.33
2206,trainval,QID616,1,17.9
2206,trainval,QID623,1,16.63
2206,trainval,QID637,1,12.57
2206,trainval,QID651,1,12.2
2206,trainval,QID658,1,15.87
2206,trainval,QID679,1,6.13
2206,trainval,QID686,0,21.57
2206,trainval,QID700,0,25.8
2206,trainval,QID707,0,33.67
2206,trainval,QID714,0,11.37
2206,trainval,QID721,0,10.1
2485,trainval,QID106,1,14.73
2485,trainval,QID130,1,29.9
2485,trainval,QID160,1,27.0
2485,trainval,QID196,1,16.03
2485,trainval,QID214,1,20.77
2485,trainval,QID220,1,18.7
2485,trainval,QID226,1,11.5
2485,trainval,QID244,1,17.4
2485,trainval,QID268,1,16.63
2485,trainval,QID304,1,16.03
2485,trainval,QID310,1,12.37
2485,trainval,QID322,1,19.17
2485,trainval,QID346,1,18.13
2485,trainval,QID382,1,23.7
2485,trainval,QID388,1,20.93
2485,trainval,QID406,1,10.67
2485,trainval,QID418,1,10.17
2485,trainval,QID430,1,24.93
2485,trainval,QID609,1,18.7
2485,trainval,QID616,1,18.73
2485,trainval,QID623,1,16.77
2485,trainval,QID637,1,13.27
2485,trainval,QID651,1,12.2
2485,trainval,QID658,1,13.57
2485,trainval,QID679,1,7.57
2485,trainval,QID686,0,21.57
2485,trainval,QID700,0,25.73
2485,trainval,QID707,0,33.57
2485,trainval,QID714,0,11.27
2485,trainval,QID721,0,9.5
2568,trainval,QID106,1,10.7
2568,trainval,QID119,1,12.03
2568,trainval,QID130,1,23.03
2568,trainval,QID160,1,23.83
2568,trainval,QID196,1,9.83
2568,trainval,QID214,1,20.63
2568,trainval,QID220,1,15.13
2568,trainval,QID226,1,11.27
2568,trainval,QID244,1,14.43
2568,trainval,QID262,1,13.43
2568,trainval,QID268,1,16.33
2568,trainval,QID286,1,20.63
2568,trainval,QID304,1,13.33
2568,trainval,QID310,1,11.77
2568,trainval,QID322,1,13.63
2568,trainval,QID346,1,14.9
2568,trainval,QID382,1,22.27
2568,trainval,QID388,1,24.27
2568,trainval,QID394,1,14.1
2568,trainval,QID406,1,10.43
2568,trainval,QID418,1,10.3
2568,trainval,QID430,1,25.1
2568,trainval,QID436,1,16.57
2568,trainval,QID466,1,10.57
2568,trainval,QID609,1,20.23
2568,trainval,QID616,1,17.2
2568,trainval,QID623,1,16.73
2568,trainval,QID637,1,12.0
2568,trainval,QID651,1,12.27
2568,trainval,QID658,1,14.03
2568,trainval,QID665,1,17.3
2568,trainval,QID679,1,6.4
2568,trainval,QID686,0,21.57
2568,trainval,QID700,0,25.87
2568,trainval,QID707,0,33.67
2568,trainval,QID714,0,10.07
2568,trainval,QID721,0,9.23
2615,trainval,QID106,1,10.87
2615,trainval,QID119,1,7.8
2615,trainval,QID130,1,23.07
2615,trainval,QID160,1,23.93
2615,trainval,QID178,1,13.17
2615,trainval,QID190,1,15.63
2615,trainval,QID196,1,9.6
2615,trainval,QID214,1,19.17
2615,trainval,QID220,1,15.13
2615,trainval,QID226,1,11.43
2615,trainval,QID238,1,13.97
2615,trainval,QID244,1,13.33
2615,trainval,QID256,1,11.63
2615,trainval,QID262,1,10.0
2615,trainval,QID268,1,12.3
2615,trainval,QID286,1,15.63
2615,trainval,QID304,1,9.83
2615,trainval,QID310,1,8.83
2615,trainval,QID322,1,13.03
2615,trainval,QID346,1,15.0
2615,trainval,QID382,1,22.37
2615,trainval,QID388,1,21.13
2615,trainval,QID394,1,12.23
2615,trainval,QID406,1,10.5
2615,trainval,QID418,1,10.37
2615,trainval,QID430,1,25.2
2615,trainval,QID436,1,10.83
2615,trainval,QID460,1,10.67
2615,trainval,QID466,1,9.4
2615,trainval,QID609,1,15.93
2615,trainval,QID616,1,13.77
2615,trainval,QID623,1,13.13
2615,trainval,QID630,1,15.6
2615,trainval,QID637,1,8.4
2615,trainval,QID651,1,12.37
2615,trainval,QID658,1,9.17
2615,trainval,QID665,1,11.67
2615,trainval,QID672,1,6.7
2615,trainval,QID679,1,6.23
2615,trainval,QID686,0,21.67
2615,trainval,QID700,0,25.93
2615,trainval,QID707,0,33.73
2615,trainval,QID714,0,10.13
2615,trainval,QID721,0,9.27
2733,trainval,QID106,1,15.27
2733,trainval,QID119,1,11.9
2733,trainval,QID130,1,23.03
2733,trainval,QID160,1,23.87
2733,trainval,QID196,1,9.7
2733,trainval,QID214,1,21.87
2733,trainval,QID220,1,15.2
2733,trainval,QID226,1,11.33
2733,trainval,QID244,1,14.8
2733,trainval,QID262,1,14.43
2733,trainval,QID268,1,16.1
2733,trainval,QID286,1,17.13
2733,trainval,QID304,1,12.23
2733,trainval,QID310,1,12.87
2733,trainval,QID322,1,16.77
2733,trainval,QID346,1,15.6
2733,trainval,QID382,1,22.3
2733,trainval,QID388,1,23.73
2733,trainval,QID394,1,16.57
2733,trainval,QID406,1,11.23
2733,trainval,QID418,1,10.33
2733,trainval,QID430,1,25.1
2733,trainval,QID466,1,13.9
2733,trainval,QID609,1,19.33
2733,trainval,QID616,1,15.43
2733,trainval,QID623,1,16.6
2733,trainval,QID630,1,19.63
2733,trainval,QID637,1,10.83
2733,trainval,QID651,1,12.9
2733,trainval,QID658,1,14.07
2733,trainval,QID665,1,11.9
2733,trainval,QID679,1,6.2
2733,trainval,QID686,0,21.6
2733,trainval,QID700,0,25.87
2733,trainval,QID707,0,33.77
2733,trainval,QID714,0,11.8
2733,trainval,QID721,0,10.13
2767,trainval,QID119,1,14.37
2767,trainval,QID130,1,24.47
2767,trainval,QID196,1,9.43
2767,trainval,QID226,1,11.3
2767,trainval,QID262,1,16.17
2767,trainval,QID304,1,16.33
2767,trainval,QID310,1,13.47
2767,trainval,QID346,1,18.87
2767,trainval,QID382,1,28.37
2767,trainval,QID406,1,10.4
2767,trainval,QID418,1,10.27
2767,trainval,QID430,1,25.1
2767,trainval,QID637,1,13.03
2767,trainval,QID651,1,12.17
2767,trainval,QID679,1,6.13
2767,trainval,QID686,0,28.0
2767,trainval,QID700,0,25.8
2767,trainval,QID707,0,33.7
2767,trainval,QID714,0,13.77
2767,trainval,QID721,0,12.97
3367,trainval,QID106,1,13.03
3367,trainval,QID119,1,13.43
3367,trainval,QID130,1,23.7
3367,trainval,QID196,1,9.5
3367,trainval,QID214,1,24.2
3367,trainval,QID220,1,18.73
3367,trainval,QID226,1,11.33
3367,trainval,QID244,1,13.27
3367,trainval,QID262,1,12.1
3367,trainval,QID304,1,10.17
3367,trainval,QID310,1,9.27
3367,trainval,QID382,1,22.93
3367,trainval,QID406,1,11.0
3367,trainval,QID418,1,10.33
3367,trainval,QID430,1,25.1
3367,trainval,QID436,1,13.27
3367,trainval,QID466,1,15.07
3367,trainval,QID616,1,17.47
3367,trainval,QID637,1,10.23
3367,trainval,QID651,1,12.27
3367,trainval,QID658,1,11.37
3367,trainval,QID679,1,6.2
3367,trainval,QID686,0,21.6
3367,trainval,QID700,0,25.87
3367,trainval,QID707,0,33.73
3367,trainval,QID714,0,10.37
3367,trainval,QID721,0,9.23
3537,trainval,QID119,1,11.6
3537,trainval,QID130,1,29.23
3537,trainval,QID160,1,28.9
3537,trainval,QID196,1,10.2
3537,trainval,QID220,1,18.63
3537,trainval,QID244,1,17.0
3537,trainval,QID262,1,15.8
3537,trainval,QID268,1,15.83
3537,trainval,QID304,1,10.93
3537,trainval,QID310,1,12.53
3537,trainval,QID322,1,17.23
3537,trainval,QID346,1,18.0
3537,trainval,QID382,1,22.27
3537,trainval,QID388,1,27.3
3537,trainval,QID418,1,10.27
3537,trainval,QID430,1,32.0
3537,trainval,QID466,1,14.33
3537,trainval,QID616,1,18.3
3537,trainval,QID623,1,17.3
3537,trainval,QID651,1,12.2
3537,trainval,QID679,1,6.13
3537,trainval,QID686,0,24.53
3537,trainval,QID700,0,25.8
3537,trainval,QID707,0,33.7
3537,trainval,QID714,0,12.9
3537,trainval,QID721,0,14.0
4195,trainval,QID106,1,14.7
4195,trainval,QID119,1,11.93
4195,trainval,QID130,1,23.4
4195,trainval,QID160,1,23.8
4195,trainval,QID190,1,22.0
4195,trainval,QID196,1,9.8
4195,trainval,QID214,1,19.5
4195,trainval,QID220,1,17.53
4195,trainval,QID226,1,11.23
4195,trainval,QID244,1,13.5
4195,trainval,QID262,1,12.93
4195,trainval,QID268,1,12.17
4195,trainval,QID274,1,20.57
4195,trainval,QID286,1,17.03
4195,trainval,QID304,1,10.77
4195,trainval,QID310,1,11.93
4195,trainval,QID322,1,14.1
4195,trainval,QID346,1,14.8
4195,trainval,QID382,1,22.37
4195,trainval,QID388,1,23.5
4195,trainval,QID394,1,14.13
4195,trainval,QID406,1,10.37
4195,trainval,QID418,1,10.23
4195,trainval,QID430,1,25.0
4195,trainval,QID436,1,17.67
4195,trainval,QID460,1,17.33
4195,trainval,QID466,1,9.7
4195,trainval,QID609,1,19.7
4195,trainval,QID616,1,15.47
4195,trainval,QID623,1,12.97
4195,trainval,QID630,1,22.27
4195,trainval,QID637,1,8.27
4195,trainval,QID651,1,19.07
4195,trainval,QID658,1,13.37
4195,trainval,QID679,1,6.1
4195,trainval,QID700,0,25.8
4195,trainval,QID707,0,33.63
4195,trainval,QID714,0,11.03
4195,trainval,QID721,0,11.13
4297,trainval,QID106,1,10.97
4297,trainval,QID119,1,11.87
4297,trainval,QID160,1,25.3
4297,trainval,QID178,1,17.6
4297,trainval,QID190,1,16.6
4297,trainval,QID196,1,10.0
4297,trainval,QID214,1,20.77
4297,trainval,QID220,1,15.23
4297,trainval,QID226,1,11.37
4297,trainval,QID238,1,14.23
4297,trainval,QID244,1,17.83
4297,trainval,QID262,1,11.17
4297,trainval,QID268,1,16.27
4297,trainval,QID274,1,17.93
4297,trainval,QID286,1,17.73
4297,trainval,QID304,1,12.43
4297,trainval,QID310,1,8.77
4297,trainval,QID322,1,13.93
4297,trainval,QID346,1,15.17
4297,trainval,QID382,1,22.47
4297,trainval,QID388,1,22.8
4297,trainval,QID394,1,12.5
4297,trainval,QID406,1,10.43
4297,trainval,QID418,1,10.6
4297,trainval,QID430,1,25.13
4297,trainval,QID460,1,10.7
4297,trainval,QID466,1,9.5
4297,trainval,QID609,1,15.83
4297,trainval,QID616,1,14.03
4297,trainval,QID623,1,13.7
4297,trainval,QID630,1,15.53
4297,trainval,QID637,1,10.03
4297,trainval,QID651,1,12.3
4297,trainval,QID658,1,9.0
4297,trainval,QID665,1,13.1
4297,trainval,QID679,1,6.3
4297,trainval,QID686,0,21.67
4297,trainval,QID700,0,25.97
4297,trainval,QID707,0,33.73
4297,trainval,QID714,0,15.2
4297,trainval,QID721,0,9.37
4456,trainval,QID106,1,9.73
4456,trainval,QID119,1,6.77
4456,trainval,QID130,1,22.03
4456,trainval,QID160,1,22.9
4456,trainval,QID178,1,12.13
4456,trainval,QID190,1,14.67
4456,trainval,QID196,1,8.53
4456,trainval,QID214,1,21.1
4456,trainval,QID220,1,13.9
4456,trainval,QID226,1,10.3
4456,trainval,QID238,1,12.93
4456,trainval,QID244,1,12.37
4456,trainval,QID256,1,10.7
4456,trainval,QID262,1,8.87
4456,trainval,QID268,1,11.33
4456,trainval,QID274,1,13.27
4456,trainval,QID286,1,14.6
4456,trainval,QID304,1,7.8
4456,trainval,QID310,1,7.83
4456,trainval,QID322,1,12.07
4456,trainval,QID346,1,14.0
4456,trainval,QID382,1,21.4
4456,trainval,QID388,1,20.1
4456,trainval,QID394,1,11.3
4456,trainval,QID406,1,9.4
4456,trainval,QID418,1,9.47
4456,trainval,QID430,1,23.9
4456,trainval,QID436,1,9.83
4456,trainval,QID460,1,9.6
4456,trainval,QID466,1,8.43
4456,trainval,QID609,1,14.87
4456,trainval,QID616,1,12.8
4456,trainval,QID623,1,11.8
4456,trainval,QID630,1,14.63
4456,trainval,QID637,1,7.1
4456,trainval,QID651,1,11.33
4456,trainval,QID658,1,8.13
4456,trainval,QID665,1,10.77
4456,trainval,QID672,1,5.73
4456,trainval,QID679,1,5.37
4456,trainval,QID686,0,20.67
4456,trainval,QID700,0,24.73
4456,trainval,QID707,0,32.77
4456,trainval,QID714,0,9.23
4456,trainval,QID721,0,8.37
4667,trainval,QID106,1,11.03
4667,trainval,QID119,1,8.4
4667,trainval,QID130,1,28.27
4667,trainval,QID160,1,23.93
4667,trainval,QID196,1,9.47
4667,trainval,QID214,1,19.87
4667,trainval,QID226,1,11.27
4667,trainval,QID244,1,14.4
4667,trainval,QID256,1,17.7
4667,trainval,QID262,1,11.33
4667,trainval,QID268,1,15.37
4667,trainval,QID274,1,17.77
4667,trainval,QID286,1,19.57
4667,trainval,QID304,1,9.93
4667,trainval,QID310,1,11.57
4667,trainval,QID322,1,15.77
4667,trainval,QID346,1,15.1
4667,trainval,QID382,1,22.8
4667,trainval,QID388,1,21.03
4667,trainval,QID406,1,10.47
4667,trainval,QID418,1,10.33
4667,trainval,QID430,1,25.13
4667,trainval,QID436,1,16.57
4667,trainval,QID460,1,16.37
4667,trainval,QID466,1,12.57
4667,trainval,QID609,1,16.03
4667,trainval,QID616,1,16.77
4667,trainval,QID623,1,13.7
4667,trainval,QID630,1,19.63
4667,trainval,QID637,1,8.33
4667,trainval,QID651,1,12.6
4667,trainval,QID679,1,6.2
4667,trainval,QID686,0,21.93
4667,trainval,QID700,0,25.87
4667,trainval,QID707,0,33.83
4667,trainval,QID714,0,10.13
4667,trainval,QID721,0,9.6
4806,trainval,QID106,1,16.4
4806,trainval,QID119,1,11.53
4806,trainval,QID160,1,24.47
4806,trainval,QID190,1,21.93
4806,trainval,QID196,1,10.57
4806,trainval,QID226,1,13.43
4806,trainval,QID244,1,16.17
4806,trainval,QID262,1,15.37
4806,trainval,QID274,1,20.83
4806,trainval,QID304,1,12.5
4806,trainval,QID310,1,10.7
4806,trainval,QID322,1,15.43
4806,trainval,QID406,1,15.4
4806,trainval,QID466,1,12.77
4806,trainval,QID616,1,17.2
4806,trainval,QID630,1,22.0
4806,trainval,QID637,1,13.9
4806,trainval,QID658,1,14.53
4806,trainval,QID679,1,6.73
4806,trainval,QID686,0,24.83
4806,trainval,QID707,0,37.57
4806,trainval,QID714,0,11.37
4807,trainval,QID106,1,10.73
4807,trainval,QID119,1,7.63
4807,trainval,QID130,1,22.97
4807,trainval,QID160,1,23.83
4807,trainval,QID178,1,12.97
4807,trainval,QID190,1,15.37
4807,trainval,QID196,1,9.37
4807,trainval,QID214,1,18.93
4807,trainval,QID220,1,15.0
4807,trainval,QID226,1,11.23
4807,trainval,QID244,1,13.2
4807,trainval,QID256,1,11.43
4807,trainval,QID262,1,9.83
4807,trainval,QID268,1,12.17
4807,trainval,QID274,1,14.1
4807,trainval,QID286,1,15.4
4807,trainval,QID304,1,9.73
4807,trainval,QID310,1,8.63
4807,trainval,QID322,1,12.93
4807,trainval,QID346,1,14.8
4807,trainval,QID382,1,22.23
4807,trainval,QID388,1,21.03
4807,trainval,QID394,1,12.0
4807,trainval,QID406,1,10.37
4807,trainval,QID418,1,10.23
4807,trainval,QID430,1,25.03
4807,trainval,QID436,1,10.63
4807,trainval,QID460,1,10.57
4807,trainval,QID466,1,9.23
4807,trainval,QID609,1,19.47
4807,trainval,QID616,1,13.53
4807,trainval,QID623,1,12.93
4807,trainval,QID630,1,15.43
4807,trainval,QID637,1,8.23
4807,trainval,QID651,1,12.2
4807,trainval,QID658,1,8.93
4807,trainval,QID665,1,11.47
4807,trainval,QID672,1,6.53
4807,trainval,QID679,1,6.1
4807,trainval,QID686,0,21.53
4807,trainval,QID700,0,25.77
4807,trainval,QID707,0,33.63
4807,trainval,QID714,0,10.0
4807,trainval,QID721,0,9.13
4928,trainval,QID119,1,14.13
4928,trainval,QID130,1,23.33
4928,trainval,QID160,1,23.87
4928,trainval,QID196,1,13.7
4928,trainval,QID214,1,22.67
4928,trainval,QID220,1,18.43
4928,trainval,QID226,1,11.33
4928,trainval,QID268,1,17.37
4928,trainval,QID274,1,18.53
4928,trainval,QID286,1,19.2
4928,trainval,QID304,1,13.33
4928,trainval,QID322,1,16.77
4928,trainval,QID382,1,22.93
4928,trainval,QID394,1,16.4
4928,trainval,QID406,1,10.5
4928,trainval,QID418,1,10.33
4928,trainval,QID430,1,29.17
4928,trainval,QID436,1,16.9
4928,trainval,QID466,1,12.97
4928,trainval,QID609,1,17.0
4928,trainval,QID616,1,17.7
4928,trainval,QID623,1,16.77
4928,trainval,QID637,1,13.67
4928,trainval,QID651,1,12.27
4928,trainval,QID679,1,6.2
4928,trainval,QID686,0,21.63
4928,trainval,QID700,0,26.7
4928,trainval,QID707,0,33.73
4928,trainval,QID714,0,10.07
4928,trainval,QID721,0,9.47
5141,trainval,QID106,1,15.17
5141,trainval,QID119,1,9.2
5141,trainval,QID130,1,23.0
5141,trainval,QID160,1,23.8
5141,trainval,QID190,1,19.9
5141,trainval,QID196,1,9.4
5141,trainval,QID214,1,21.7
5141,trainval,QID220,1,17.1
5141,trainval,QID226,1,11.27
5141,trainval,QID244,1,16.67
5141,trainval,QID262,1,13.57
5141,trainval,QID268,1,16.4
5141,trainval,QID286,1,19.43
5141,trainval,QID304,1,10.97
5141,trainval,QID310,1,11.87
5141,trainval,QID322,1,17.2
5141,trainval,QID346,1,15.0
5141,trainval,QID382,1,22.27
5141,trainval,QID388,1,23.63
5141,trainval,QID394,1,16.07
5141,trainval,QID406,1,10.37
5141,trainval,QID418,1,10.27
5141,trainval,QID430,1,25.0
5141,trainval,QID436,1,17.57
5141,trainval,QID466,1,9.2
5141,trainval,QID609,1,19.0
5141,trainval,QID616,1,17.3
5141,trainval,QID637,1,9.2
5141,trainval,QID651,1,12.17
5141,trainval,QID665,1,17.63
5141,trainval,QID679,1,6.1
5141,trainval,QID686,0,21.53
5141,trainval,QID714,0,10.37
5141,trainval,QID721,0,9.53
5230,trainval,QID106,1,14.0
5230,trainval,QID130,1,23.03
5230,trainval,QID160,1,23.87
5230,trainval,QID178,1,13.13
5230,trainval,QID196,1,9.5
5230,trainval,QID214,1,20.73
5230,trainval,QID220,1,18.17
5230,trainval,QID226,1,11.33
5230,trainval,QID244,1,13.7
5230,trainval,QID262,1,12.93
5230,trainval,QID268,1,16.37
5230,trainval,QID274,1,16.33
5230,trainval,QID286,1,19.37
5230,trainval,QID304,1,13.57
5230,trainval,QID310,1,12.3
5230,trainval,QID322,1,14.77
5230,trainval,QID346,1,14.97
5230,trainval,QID382,1,23.33
5230,trainval,QID388,1,21.27
5230,trainval,QID394,1,16.27
5230,trainval,QID406,1,10.47
5230,trainval,QID418,1,10.33
5230,trainval,QID430,1,25.13
5230,trainval,QID460,1,13.27
5230,trainval,QID466,1,13.2
5230,trainval,QID609,1,17.8
5230,trainval,QID616,1,17.73
5230,trainval,QID623,1,13.1
5230,trainval,QID637,1,9.3
5230,trainval,QID651,1,12.27
5230,trainval,QID658,1,15.63
5230,trainval,QID665,1,16.83
5230,trainval,QID679,1,6.2
5230,trainval,QID686,0,21.63
5230,trainval,QID700,0,25.9
5230,trainval,QID707,0,33.73
5230,trainval,QID714,0,10.03
5230,trainval,QID721,0,10.33
5409,trainval,QID106,1,14.2
5409,trainval,QID119,1,11.4
5409,trainval,QID130,1,23.8
5409,trainval,QID160,1,23.6
5409,trainval,QID196,1,9.2
5409,trainval,QID214,1,20.6
5409,trainval,QID220,1,15.8
5409,trainval,QID226,1,11.2
5409,trainval,QID244,1,13.2
5409,trainval,QID262,1,9.8
5409,trainval,QID268,1,16.0
5409,trainval,QID304,1,9.8
5409,trainval,QID310,1,11.6
5409,trainval,QID322,1,16.2
5409,trainval,QID346,1,15.8
5409,trainval,QID382,1,22.2
5409,trainval,QID388,1,21.8
5409,trainval,QID394,1,16.2
5409,trainval,QID406,1,10.2
5409,trainval,QID418,1,10.2
5409,trainval,QID430,1,25.0
5409,trainval,QID436,1,15.8
5409,trainval,QID460,1,16.2
5409,trainval,QID466,1,9.2
5409,trainval,QID609,1,18.8
5409,trainval,QID616,1,15.4
5409,trainval,QID623,1,17.2
5409,trainval,QID637,1,8.0
5409,trainval,QID651,1,12.0
5409,trainval,QID658,1,13.2
5409,trainval,QID665,1,16.6
5409,trainval,QID679,1,6.0
5409,trainval,QID686,0,21.4
5409,trainval,QID700,0,25.6
5409,trainval,QID707,0,33.4
5409,trainval,QID714,0,9.8
5409,trainval,QID721,0,9.0
5729,trainval,QID106,1,10.6
5729,trainval,QID119,1,7.5
5729,trainval,QID130,1,22.83
5729,trainval,QID160,1,23.67
5729,trainval,QID178,1,12.9
5729,trainval,QID190,1,15.33
5729,trainval,QID196,1,9.27
5729,trainval,QID214,1,18.8
5729,trainval,QID220,1,14.83
5729,trainval,QID226,1,11.07
5729,trainval,QID238,1,13.73
5729,trainval,QID244,1,13.07
5729,trainval,QID256,1,11.47
5729,trainval,QID262,1,9.63
5729,trainval,QID268,1,12.07
5729,trainval,QID274,1,13.87
5729,trainval,QID286,1,15.33
5729,trainval,QID304,1,9.67
5729,trainval,QID310,1,8.57
5729,trainval,QID322,1,12.77
5729,trainval,QID346,1,14.67
5729,trainval,QID382,1,22.07
5729,trainval,QID388,1,20.83
5729,trainval,QID394,1,11.93
5729,trainval,QID406,1,10.27
5729,trainval,QID418,1,10.03
5729,trainval,QID430,1,24.8
5729,trainval,QID436,1,10.43
5729,trainval,QID460,1,10.33
5729,trainval,QID466,1,9.13
5729,trainval,QID609,1,15.47
5729,trainval,QID616,1,13.47
5729,trainval,QID623,1,12.8
5729,trainval,QID630,1,15.33
5729,trainval,QID637,1,8.17
5729,trainval,QID651,1,12.03
5729,trainval,QID658,1,8.53
5729,trainval,QID665,1,11.37
5729,trainval,QID672,1,7.47
5729,trainval,QID679,1,5.93
5729,trainval,QID686,0,21.47
5729,trainval,QID700,0,25.67
5729,trainval,QID707,0,33.5
5729,trainval,QID714,0,9.83
5729,trainval,QID721,0,9.03
6247,trainval,QID106,1,16.7
6247,trainval,QID130,1,28.27
6247,trainval,QID160,1,23.6
6247,trainval,QID178,1,19.5
6247,trainval,QID196,1,11.43
6247,trainval,QID214,1,22.9
6247,trainval,QID220,1,17.8
6247,trainval,QID226,1,13.7
6247,trainval,QID238,1,17.4
6247,trainval,QID244,1,15.53
6247,trainval,QID262,1,13.13
6247,trainval,QID268,1,17.23
6247,trainval,QID274,1,20.37
6247,trainval,QID286,1,19.2
6247,trainval,QID304,1,9.73
6247,trainval,QID310,1,10.17
6247,trainval,QID322,1,15.97
6247,trainval,QID346,1,17.37
6247,trainval,QID382,1,27.83
6247,trainval,QID388,1,25.3
6247,trainval,QID394,1,14.13
6247,trainval,QID406,1,12.17
6247,trainval,QID418,1,13.43
6247,trainval,QID430,1,31.67
6247,trainval,QID436,1,15.97
6247,trainval,QID466,1,11.3
6247,trainval,QID609,1,18.5
6247,trainval,QID616,1,15.0
6247,trainval,QID623,1,16.27
6247,trainval,QID637,1,9.6
6247,trainval,QID651,1,15.0
6247,trainval,QID658,1,14.57
6247,trainval,QID679,1,7.07
6247,trainval,QID686,0,27.43
6247,trainval,QID700,0,32.5
6247,trainval,QID714,0,12.73
6682,trainval,QID106,1,16.3
6682,trainval,QID119,1,11.73
6682,trainval,QID130,1,24.63
6682,trainval,QID160,1,27.4
6682,trainval,QID178,1,18.5
6682,trainval,QID196,1,10.03
6682,trainval,QID214,1,23.2
6682,trainval,QID220,1,18.57
6682,trainval,QID226,1,11.3
6682,trainval,QID244,1,13.23
6682,trainval,QID262,1,10.77
6682,trainval,QID268,1,16.1
6682,trainval,QID286,1,19.23
6682,trainval,QID304,1,12.73
6682,trainval,QID310,1,11.73
6682,trainval,QID322,1,17.53
6682,trainval,QID346,1,16.33
6682,trainval,QID382,1,22.3
6682,trainval,QID388,1,25.83
6682,trainval,QID394,1,17.6
6682,trainval,QID406,1,11.3
6682,trainval,QID418,1,10.27
6682,trainval,QID430,1,25.03
6682,trainval,QID466,1,13.03
6682,trainval,QID609,1,19.1
6682,trainval,QID616,1,17.5
6682,trainval,QID623,1,14.13
6682,trainval,QID630,1,22.4
6682,trainval,QID637,1,11.37
6682,trainval,QID651,1,12.73
6682,trainval,QID658,1,13.17
6682,trainval,QID679,1,6.93
6682,trainval,QID686,0,21.57
6682,trainval,QID700,0,25.83
6682,trainval,QID707,0,33.7
6682,trainval,QID714,0,9.97
6682,trainval,QID721,0,9.2
6778,trainval,QID106,1,10.77
6778,trainval,QID119,1,7.63
6778,trainval,QID130,1,23.07
6778,trainval,QID160,1,23.83
6778,trainval,QID178,1,12.97
6778,trainval,QID190,1,15.43
6778,trainval,QID196,1,9.4
6778,trainval,QID214,1,18.97
6778,trainval,QID220,1,15.03
6778,trainval,QID226,1,11.27
6778,trainval,QID238,1,13.93
6778,trainval,QID244,1,13.2
6778,trainval,QID256,1,11.53
6778,trainval,QID262,1,9.83
6778,trainval,QID268,1,12.2
6778,trainval,QID274,1,14.1
6778,trainval,QID286,1,15.4
6778,trainval,QID304,1,9.8
6778,trainval,QID310,1,8.63
6778,trainval,QID322,1,12.93
6778,trainval,QID346,1,14.83
6778,trainval,QID382,1,22.23
6778,trainval,QID388,1,20.93
6778,trainval,QID394,1,12.03
6778,trainval,QID406,1,10.43
6778,trainval,QID418,1,10.23
6778,trainval,QID430,1,25.03
6778,trainval,QID436,1,10.67
6778,trainval,QID460,1,10.57
6778,trainval,QID466,1,9.2
6778,trainval,QID609,1,15.77
6778,trainval,QID616,1,13.67
6778,trainval,QID623,1,13.1
6778,trainval,QID630,1,15.43
6778,trainval,QID637,1,8.3
6778,trainval,QID651,1,12.17
6778,trainval,QID658,1,9.0
6778,trainval,QID665,1,11.5
6778,trainval,QID672,1,9.23
6778,trainval,QID679,1,6.07
6778,trainval,QID686,0,21.53
6778,trainval,QID700,0,25.73
6778,trainval,QID707,0,33.7
6778,trainval,QID714,0,9.93
6778,trainval,QID721,0,9.17
7446,trainval,QID106,1,10.7
7446,trainval,QID119,1,7.63
7446,trainval,QID130,1,23.07
7446,trainval,QID160,1,23.77
7446,trainval,QID190,1,21.6
7446,trainval,QID196,1,9.43
7446,trainval,QID214,1,19.0
7446,trainval,QID220,1,15.0
7446,trainval,QID226,1,11.23
7446,trainval,QID238,1,13.87
7446,trainval,QID244,1,13.3
7446,trainval,QID262,1,9.83
7446,trainval,QID268,1,12.2
7446,trainval,QID274,1,15.57
7446,trainval,QID286,1,19.1
7446,trainval,QID304,1,9.77
7446,trainval,QID310,1,8.63
7446,trainval,QID322,1,16.77
7446,trainval,QID346,1,14.93
7446,trainval,QID382,1,22.23
7446,trainval,QID388,1,20.97
7446,trainval,QID394,1,12.03
7446,trainval,QID406,1,10.37
7446,trainval,QID418,1,10.23
7446,trainval,QID430,1,25.03
7446,trainval,QID466,1,9.8
7446,trainval,QID609,1,15.73
7446,trainval,QID616,1,15.53
7446,trainval,QID623,1,13.13
7446,trainval,QID630,1,18.3
7446,trainval,QID637,1,9.23
7446,trainval,QID651,1,12.13
7446,trainval,QID658,1,10.4
7446,trainval,QID665,1,16.87
7446,trainval,QID672,1,13.03
7446,trainval,QID679,1,6.1
7446,trainval,QID686,0,21.5
7446,trainval,QID700,0,25.73
7446,trainval,QID707,0,33.77
7446,trainval,QID714,0,9.9
7446,trainval,QID721,0,9.13
7675,trainval,QID106,1,10.77
7675,trainval,QID119,1,7.63
7675,trainval,QID130,1,23.0
7675,trainval,QID160,1,23.83
7675,trainval,QID178,1,13.03
7675,trainval,QID190,1,15.43
7675,trainval,QID196,1,9.43
7675,trainval,QID214,1,19.03
7675,trainval,QID220,1,15.93
7675,trainval,QID226,1,11.3
7675,trainval,QID238,1,13.93
7675,trainval,QID244,1,13.23
7675,trainval,QID256,1,11.6
7675,trainval,QID262,1,9.87
7675,trainval,QID268,1,12.2
7675,trainval,QID274,1,14.13
7675,trainval,QID286,1,15.43
7675,trainval,QID304,1,9.8
7675,trainval,QID310,1,8.67
7675,trainval,QID322,1,12.97
7675,trainval,QID346,1,14.9
7675,trainval,QID382,1,24.47
7675,trainval,QID388,1,21.03
7675,trainval,QID394,1,12.07
7675,trainval,QID406,1,10.4
7675,trainval,QID418,1,10.27
7675,trainval,QID430,1,25.07
7675,trainval,QID436,1,11.1
7675,trainval,QID460,1,10.57
7675,trainval,QID466,1,9.27
7675,trainval,QID609,1,15.8
7675,trainval,QID616,1,13.63
7675,trainval,QID623,1,12.97
7675,trainval,QID630,1,15.67
7675,trainval,QID637,1,8.3
7675,trainval,QID651,1,12.2
7675,trainval,QID658,1,11.17
7675,trainval,QID665,1,11.53
7675,trainval,QID672,1,11.83
7675,trainval,QID679,1,6.13
7675,trainval,QID686,0,21.57
7675,trainval,QID700,0,25.83
7675,trainval,QID707,0,33.7
7675,trainval,QID714,0,9.97
7675,trainval,QID721,0,9.2
7694,trainval,QID106,1,14.83
7694,trainval,QID119,1,12.57
7694,trainval,QID130,1,23.03
7694,trainval,QID160,1,23.87
7694,trainval,QID196,1,9.5
7694,trainval,QID214,1,22.57
7694,trainval,QID220,1,15.1
7694,trainval,QID226,1,11.3
7694,trainval,QID244,1,13.27
7694,trainval,QID262,1,12.6
7694,trainval,QID268,1,16.2
7694,trainval,QID274,1,18.53
7694,trainval,QID286,1,19.27
7694,trainval,QID304,1,10.93
7694,trainval,QID310,1,8.87
7694,trainval,QID322,1,16.83
7694,trainval,QID346,1,14.93
7694,trainval,QID382,1,22.3
7694,trainval,QID388,1,21.9
7694,trainval,QID394,1,16.3
7694,trainval,QID406,1,10.47
7694,trainval,QID418,1,10.33
7694,trainval,QID430,1,25.07
7694,trainval,QID466,1,12.3
7694,trainval,QID609,1,17.3
7694,trainval,QID616,1,17.57
7694,trainval,QID623,1,13.03
7694,trainval,QID637,1,8.33
7694,trainval,QID651,1,12.27
7694,trainval,QID658,1,13.83
7694,trainval,QID665,1,18.4
7694,trainval,QID679,1,6.2
7694,trainval,QID686,0,21.6
7694,trainval,QID700,0,25.87
7694,trainval,QID707,0,33.73
7694,trainval,QID714,0,10.0
7694,trainval,QID721,0,9.57
7749,trainval,QID106,1,10.8
7749,trainval,QID119,1,7.7
7749,trainval,QID130,1,23.17
7749,trainval,QID160,1,23.87
7749,trainval,QID190,1,20.1
7749,trainval,QID196,1,9.47
7749,trainval,QID214,1,20.87
7749,trainval,QID220,1,15.1
7749,trainval,QID226,1,11.33
7749,trainval,QID244,1,13.27
7749,trainval,QID262,1,12.9
7749,trainval,QID268,1,16.2
7749,trainval,QID286,1,17.1
7749,trainval,QID304,1,9.83
7749,trainval,QID310,1,9.7
7749,trainval,QID322,1,16.83
7749,trainval,QID346,1,14.93
7749,trainval,QID382,1,22.73
7749,trainval,QID388,1,21.07
7749,trainval,QID394,1,12.97
7749,trainval,QID406,1,10.43
7749,trainval,QID418,1,10.37
7749,trainval,QID430,1,25.1
7749,trainval,QID436,1,17.3
7749,trainval,QID466,1,9.3
7749,trainval,QID609,1,19.07
7749,trainval,QID616,1,17.77
7749,trainval,QID623,1,17.2
7749,trainval,QID630,1,19.63
7749,trainval,QID637,1,9.07
7749,trainval,QID651,1,12.3
7749,trainval,QID658,1,9.07
7749,trainval,QID665,1,15.33
7749,trainval,QID679,1,6.2
7749,trainval,QID686,0,21.67
7749,trainval,QID700,0,25.87
7749,trainval,QID707,0,33.73
7749,trainval,QID714,0,10.57
7749,trainval,QID721,0,9.23
9009,trainval,QID106,1,10.87
9009,trainval,QID119,1,7.73
9009,trainval,QID130,1,24.07
9009,trainval,QID160,1,24.53
9009,trainval,QID190,1,20.37
9009,trainval,QID196,1,9.77
9009,trainval,QID214,1,21.37
9009,trainval,QID220,1,17.93
9009,trainval,QID226,1,11.6
9009,trainval,QID244,1,13.3
9009,trainval,QID262,1,9.93
9009,trainval,QID268,1,16.27
9009,trainval,QID286,1,19.23
9009,trainval,QID304,1,13.07
9009,trainval,QID310,1,13.3
9009,trainval,QID322,1,16.5
9009,trainval,QID346,1,15.37
9009,trainval,QID382,1,23.17
9009,trainval,QID388,1,24.23
9009,trainval,QID394,1,16.63
9009,trainval,QID406,1,10.5
9009,trainval,QID418,1,10.37
9009,trainval,QID430,1,25.13
9009,trainval,QID460,1,16.83
9009,trainval,QID466,1,10.97
9009,trainval,QID609,1,19.23
9009,trainval,QID616,1,17.83
9009,trainval,QID623,1,16.97
9009,trainval,QID637,1,12.0
9009,trainval,QID651,1,12.3
9009,trainval,QID658,1,15.97
9009,trainval,QID665,1,16.83
9009,trainval,QID679,1,6.3
9009,trainval,QID686,0,21.63
9009,trainval,QID700,0,25.87
9009,trainval,QID707,0,33.77
9009,trainval,QID714,0,10.17
9009,trainval,QID721,0,9.27
9483,trainval,QID106,1,13.43
9483,trainval,QID119,1,12.83
9483,trainval,QID130,1,22.97
9483,trainval,QID160,1,23.8
9483,trainval,QID178,1,18.83
9483,trainval,QID196,1,9.4
9483,trainval,QID220,1,14.97
9483,trainval,QID226,1,11.23
9483,trainval,QID244,1,13.17
9483,trainval,QID262,1,9.83
9483,trainval,QID274,1,15.77
9483,trainval,QID286,1,18.77
9483,trainval,QID304,1,11.1
9483,trainval,QID310,1,8.63
9483,trainval,QID346,1,14.83
9483,trainval,QID382,1,22.27
9483,trainval,QID406,1,10.37
9483,trainval,QID418,1,10.23
9483,trainval,QID430,1,25.0
9483,trainval,QID460,1,16.0
9483,trainval,QID466,1,10.47
9483,trainval,QID609,1,15.77
9483,trainval,QID616,1,17.43
9483,trainval,QID623,1,15.27
9483,trainval,QID637,1,8.23
9483,trainval,QID651,1,12.17
9483,trainval,QID658,1,15.4
9483,trainval,QID679,1,6.1
9483,trainval,QID686,0,21.53
9483,trainval,QID700,0,25.7
9483,trainval,QID707,0,33.63
9483,trainval,QID714,0,9.97
9483,trainval,QID721,0,9.17
9922,trainval,QID106,1,14.87
9922,trainval,QID119,1,10.63
9922,trainval,QID130,1,23.5
9922,trainval,QID160,1,23.83
9922,trainval,QID178,1,17.07
9922,trainval,QID190,1,19.77
9922,trainval,QID196,1,9.43
9922,trainval,QID214,1,18.93
9922,trainval,QID220,1,15.13
9922,trainval,QID226,1,11.23
9922,trainval,QID244,1,14.47
9922,trainval,QID256,1,16.47
9922,trainval,QID262,1,13.13
9922,trainval,QID268,1,12.2
9922,trainval,QID274,1,19.53
9922,trainval,QID286,1,17.13
9922,trainval,QID304,1,10.87
9922,trainval,QID310,1,11.47
9922,trainval,QID322,1,13.47
9922,trainval,QID346,1,14.8
9922,trainval,QID382,1,22.23
9922,trainval,QID388,1,21.83
9922,trainval,QID394,1,12.07
9922,trainval,QID406,1,10.43
9922,trainval,QID418,1,10.23
9922,trainval,QID430,1,25.0
9922,trainval,QID436,1,13.0
9922,trainval,QID466,1,9.17
9922,trainval,QID609,1,19.1
9922,trainval,QID616,1,13.8
9922,trainval,QID623,1,16.73
9922,trainval,QID630,1,16.83
9922,trainval,QID637,1,9.5
9922,trainval,QID651,1,12.07
9922,trainval,QID658,1,15.47
9922,trainval,QID665,1,12.6
9922,trainval,QID679,1,6.1
9922,trainval,QID686,0,21.5
9922,trainval,QID700,0,25.8
9922,trainval,QID707,0,33.57
9922,trainval,QID714,0,9.9
9922,trainval,QID721,0,9.1
1179,test,QID106,1,16.23
1179,test,QID119,1,12.43
1179,test,QID130,1,25.8
1179,test,QID160,1,27.63
1179,test,QID178,1,12.97
1179,test,QID196,1,9.7
1179,test,QID220,1,21.63
1179,test,QID226,1,11.23
1179,test,QID244,1,15.43
1179,test,QID262,1,13.43
1179,test,QID304,1,13.6
1179,test,QID310,1,12.9
1179,test,QID322,1,14.97
1179,test,QID346,1,15.57
1179,test,QID382,1,22.37
1179,test,QID406,1,10.4
1179,test,QID418,1,10.13
1179,test,QID430,1,26.7
1179,test,QID466,1,14.53
1179,test,QID616,1,18.33
1179,test,QID623,1,19.23
1179,test,QID637,1,11.6
1179,test,QID651,1,12.13
1179,test,QID665,1,11.47
1179,test,QID679,1,6.03
1179,test,QID686,0,24.3
1179,test,QID700,0,25.73
1179,test,QID707,0,33.63
1179,test,QID714,0,9.9
1179,test,QID721,0,10.93
1769,test,QID106,1,14.43
1769,test,QID119,1,10.63
1769,test,QID130,1,23.0
1769,test,QID160,1,23.87
1769,test,QID190,1,19.9
1769,test,QID196,1,9.53
1769,test,QID214,1,20.83
1769,test,QID220,1,15.07
1769,test,QID226,1,11.33
1769,test,QID244,1,13.6
1769,test,QID262,1,9.87
1769,test,QID268,1,16.07
1769,test,QID274,1,18.8
1769,test,QID286,1,17.67
1769,test,QID304,1,9.8
1769,test,QID310,1,11.63
1769,test,QID322,1,12.97
1769,test,QID346,1,14.87
1769,test,QID382,1,22.3
1769,test,QID388,1,23.57
1769,test,QID394,1,15.93
1769,test,QID406,1,10.5
1769,test,QID418,1,10.3
1769,test,QID430,1,25.13
1769,test,QID436,1,15.33
1769,test,QID466,1,9.23
1769,test,QID609,1,18.23
1769,test,QID616,1,13.6
1769,test,QID623,1,17.03
1769,test,QID630,1,19.57
1769,test,QID637,1,11.2
1769,test,QID651,1,12.27
1769,test,QID658,1,9.03
1769,test,QID665,1,16.9
1769,test,QID679,1,6.17
1769,test,QID686,0,21.53
1769,test,QID700,0,25.83
1769,test,QID707,0,33.77
1769,test,QID714,0,10.03
1769,test,QID721,0,9.23
2505,test,QID106,1,14.63
2505,test,QID119,1,7.73
2505,test,QID130,1,23.0
2505,test,QID160,1,23.87
2505,test,QID196,1,9.5
2505,test,QID214,1,22.3
2505,test,QID220,1,17.97
2505,test,QID226,1,11.4
2505,test,QID244,1,14.47
2505,test,QID262,1,13.13
2505,test,QID268,1,16.13
2505,test,QID286,1,19.27
2505,test,QID304,1,10.93
2505,test,QID310,1,8.73
2505,test,QID322,1,16.87
2505,test,QID346,1,14.93
2505,test,QID388,1,24.2
2505,test,QID394,1,16.33
2505,test,QID406,1,10.47
2505,test,QID418,1,10.33
2505,test,QID430,1,25.13
2505,test,QID466,1,13.57
2505,test,QID609,1,19.23
2505,test,QID616,1,17.9
2505,test,QID623,1,15.87
2505,test,QID637,1,10.87
2505,test,QID651,1,12.27
2505,test,QID658,1,15.87
2505,test,QID679,1,6.53
2505,test,QID686,0,21.67
2505,test,QID700,0,25.83
2505,test,QID707,0,33.73
2505,test,QID714,0,10.9
2505,test,QID721,0,9.23
3272,test,QID106,1,10.7
3272,test,QID119,1,7.6
3272,test,QID130,1,22.97
3272,test,QID160,1,23.77
3272,test,QID178,1,12.97
3272,test,QID190,1,15.4
3272,test,QID196,1,9.4
3272,test,QID214,1,18.93
3272,test,QID220,1,15.03
3272,test,QID226,1,11.23
3272,test,QID238,1,13.9
3272,test,QID244,1,13.23
3272,test,QID256,1,11.53
3272,test,QID262,1,10.0
3272,test,QID268,1,12.2
3272,test,QID274,1,14.1
3272,test,QID286,1,15.43
3272,test,QID304,1,9.77
3272,test,QID310,1,8.63
3272,test,QID322,1,12.97
3272,test,QID346,1,15.1
3272,test,QID382,1,22.33
3272,test,QID388,1,20.97
3272,test,QID394,1,12.1
3272,test,QID406,1,10.43
3272,test,QID418,1,10.23
3272,test,QID430,1,25.0
3272,test,QID436,1,10.67
3272,test,QID460,1,10.53
3272,test,QID466,1,9.27
3272,test,QID609,1,15.77
3272,test,QID616,1,13.63
3272,test,QID623,1,12.93
3272,test,QID630,1,15.4
3272,test,QID637,1,8.23
3272,test,QID651,1,12.23
3272,test,QID658,1,8.9
3272,test,QID665,1,11.53
3272,test,QID672,1,6.57
3272,test,QID679,1,6.1
3272,test,QID686,0,21.5
3272,test,QID700,0,25.77
3272,test,QID707,0,33.67
3272,test,QID714,0,9.97
3272,test,QID721,0,9.17
4302,test,QID106,1,8.73
4302,test,QID119,1,7.4
4302,test,QID130,1,21.3
4302,test,QID160,1,23.53
4302,test,QID178,1,11.07
4302,test,QID190,1,15.07
4302,test,QID196,1,7.67
4302,test,QID214,1,17.83
4302,test,QID220,1,13.4
4302,test,QID226,1,11.0
4302,test,QID238,1,13.6
4302,test,QID244,1,11.07
4302,test,QID256,1,11.27
4302,test,QID262,1,7.13
4302,test,QID268,1,11.73
4302,test,QID274,1,11.87
4302,test,QID286,1,15.2
4302,test,QID304,1,9.53
4302,test,QID310,1,8.4
4302,test,QID322,1,12.6
4302,test,QID346,1,13.53
4302,test,QID382,1,21.83
4302,test,QID388,1,19.1
4302,test,QID394,1,11.0
4302,test,QID406,1,7.8
4302,test,QID418,1,9.33
4302,test,QID430,1,23.63
4302,test,QID436,1,10.27
4302,test,QID460,1,8.33
4302,test,QID466,1,6.43
4302,test,QID609,1,14.07
4302,test,QID616,1,13.2
4302,test,QID623,1,11.47
4302,test,QID630,1,15.23
4302,test,QID637,1,6.03
4302,test,QID651,1,11.87
4302,test,QID658,1,7.4
4302,test,QID665,1,11.33
4302,test,QID672,1,4.57
4302,test,QID679,1,5.73
4302,test,QID686,0,19.83
4302,test,QID700,0,25.23
4302,test,QID707,0,33.33
4302,test,QID714,0,9.53
4302,test,QID721,0,8.8
4891,test,QID106,1,14.23
4891,test,QID119,1,12.03
4891,test,QID130,1,23.53
4891,test,QID160,1,23.93
4891,test,QID190,1,21.07
4891,test,QID196,1,9.47
4891,test,QID214,1,19.07
4891,test,QID220,1,15.03
4891,test,QID226,1,11.3
4891,test,QID244,1,13.6
4891,test,QID262,1,12.7
4891,test,QID286,1,19.33
4891,test,QID304,1,10.0
4891,test,QID310,1,10.77
4891,test,QID322,1,14.73
4891,test,QID346,1,14.9
4891,test,QID382,1,22.33
4891,test,QID388,1,24.07
4891,test,QID394,1,16.07
4891,test,QID406,1,10.6
4891,test,QID418,1,10.3
4891,test,QID430,1,25.03
4891,test,QID466,1,10.83
4891,test,QID609,1,19.1
4891,test,QID616,1,13.87
4891,test,QID623,1,14.67
4891,test,QID630,1,19.63
4891,test,QID637,1,8.33
4891,test,QID651,1,12.3
4891,test,QID658,1,13.47
4891,test,QID665,1,17.07
4891,test,QID679,1,6.2
4891,test,QID686,0,21.63
4891,test,QID700,0,25.87
4891,test,QID707,0,33.73
4891,test,QID714,0,10.0
4891,test,QID721,0,9.2
6095,test,QID106,1,14.33
6095,test,QID119,1,10.2
6095,test,QID130,1,23.4
6095,test,QID160,1,24.37
6095,test,QID196,1,9.53
6095,test,QID214,1,19.53
6095,test,QID220,1,16.2
6095,test,QID226,1,11.37
6095,test,QID244,1,13.93
6095,test,QID262,1,11.8
6095,test,QID286,1,18.2
6095,test,QID304,1,9.9
6095,test,QID310,1,9.53
6095,test,QID322,1,14.6
6095,test,QID346,1,15.27
6095,test,QID382,1,22.33
6095,test,QID388,1,21.57
6095,test,QID394,1,15.0
6095,test,QID406,1,10.43
6095,test,QID418,1,10.33
6095,test,QID430,1,25.13
6095,test,QID436,1,16.6
6095,test,QID466,1,9.4
6095,test,QID609,1,17.53
6095,test,QID616,1,13.8
6095,test,QID623,1,14.83
6095,test,QID630,1,16.47
6095,test,QID637,1,9.67
6095,test,QID651,1,12.2
6095,test,QID658,1,14.2
6095,test,QID665,1,16.07
6095,test,QID679,1,6.03
6095,test,QID686,0,21.53
6095,test,QID700,0,25.97
6095,test,QID707,0,33.83
6095,test,QID714,0,10.07
6095,test,QID721,0,9.63
7209,test,QID106,1,15.27
7209,test,QID196,1,13.73
7209,test,QID220,1,19.27
7209,test,QID226,1,12.67
7209,test,QID256,1,17.87
7209,test,QID262,1,16.47
7209,test,QID304,1,11.5
7209,test,QID346,1,18.6
7209,test,QID382,1,23.57
7209,test,QID406,1,12.43
7209,test,QID418,1,11.2
7209,test,QID436,1,15.13
7209,test,QID466,1,10.37
7209,test,QID630,1,17.2
7209,test,QID637,1,9.9
7209,test,QID651,1,13.6
7209,test,QID665,1,17.53
7209,test,QID679,1,6.97
7209,test,QID686,0,28.17
7209,test,QID714,0,12.7
7209,test,QID721,0,11.5
8564,test,QID106,1,15.03
8564,test,QID119,1,12.93
8564,test,QID130,1,24.57
8564,test,QID160,1,23.9
8564,test,QID196,1,9.47
8564,test,QID214,1,20.7
8564,test,QID220,1,18.43
8564,test,QID226,1,11.6
8564,test,QID244,1,13.27
8564,test,QID262,1,13.83
8564,test,QID268,1,16.23
8564,test,QID286,1,17.1
8564,test,QID304,1,13.73
8564,test,QID310,1,12.73
8564,test,QID322,1,16.53
8564,test,QID346,1,15.27
8564,test,QID382,1,22.37
8564,test,QID388,1,21.07
8564,test,QID394,1,14.33
8564,test,QID406,1,10.47
8564,test,QID418,1,10.8
8564,test,QID430,1,25.1
8564,test,QID436,1,14.97
8564,test,QID460,1,16.27
8564,test,QID466,1,12.6
8564,test,QID609,1,20.1
8564,test,QID616,1,17.37
8564,test,QID623,1,16.7
8564,test,QID637,1,12.53
8564,test,QID651,1,12.3
8564,test,QID658,1,15.17
8564,test,QID679,1,6.23
8564,test,QID686,0,22.1
8564,test,QID700,0,25.83
8564,test,QID707,0,33.73
8564,test,QID714,0,11.13
8564,test,QID721,0,10.87
